{
  "configuration": {
    "num_epochs": 50,
    "batch_size": 32,
    "learning_rate": 0.1,
    "momentum": 0.9,
    "weight_decay": 0.0005,
    "num_classes": 10,
    "print_interval": 10
  },
  "models": {
    "VGG-MaxPool": {
      "overall_accuracy": 10.0,
      "per_class_accuracy": [
        0.0,
        0.0,
        0.0,
        0.0,
        0.0,
        0.0,
        0.0,
        0.0,
        100.0,
        0.0
      ],
      "best_class": "ship",
      "worst_class": "plane",
      "training_time_seconds": 2129.8657648563385,
      "model_size_mb": 34.149696350097656
    },
    "VGG-AvgPool": {
      "overall_accuracy": 10.0,
      "per_class_accuracy": [
        0.0,
        0.0,
        100.0,
        0.0,
        0.0,
        0.0,
        0.0,
        0.0,
        0.0,
        0.0
      ],
      "best_class": "bird",
      "worst_class": "plane",
      "training_time_seconds": 2132.5556151866913,
      "model_size_mb": 34.149696350097656
    },
    "ResNet-MaxPool": {
      "overall_accuracy": 66.05,
      "per_class_accuracy": [
        44.7,
        46.2,
        64.60000000000001,
        47.5,
        69.6,
        78.0,
        66.4,
        62.6,
        95.39999999999999,
        85.5
      ],
      "best_class": "ship",
      "worst_class": "plane",
      "training_time_seconds": 2434.8041293621063,
      "model_size_mb": 42.625282287597656
    },
    "ResNet-AvgPool": {
      "overall_accuracy": 65.64999999999999,
      "per_class_accuracy": [
        64.1,
        78.60000000000001,
        88.0,
        67.4,
        31.8,
        40.0,
        56.99999999999999,
        71.0,
        90.8,
        67.80000000000001
      ],
      "best_class": "ship",
      "worst_class": "deer",
      "training_time_seconds": 2425.9910130500793,
      "model_size_mb": 42.625282287597656
    }
  }
}